{"graph_0": {"_type": "graph-file", "sha256": "b7085b2426f4297174b99d8e234db03b5312f5d675253822db58e3ec8440f22f", "size": 1176, "path": "media/graph/graph_0_summary_b7085b2426f4297174b9.graph.json"}, "train reconstruction loss": 0.3561323419213295, "_timestamp": 1681326027, "_runtime": 41, "validation reconstruction loss": 0.3399464972317219, "batch of reconstructed images": {"_type": "histogram", "values": [135, 507, 1119, 2166, 3858, 6510, 14304, 47265, 96570, 50190, 12630, 4212, 2496, 1869, 1467, 50196, 1254, 1182, 1254, 1134, 1023, 1152, 1137, 1212, 1179, 1281, 1515, 1638, 2100, 2715, 4341, 30321], "bins": [-0.9405030012130737, -0.8798623085021973, -0.819221556186676, -0.7585808634757996, -0.6979401111602783, -0.6372994184494019, -0.5766587257385254, -0.5160179734230042, -0.4553772807121277, -0.39473655819892883, -0.33409583568573, -0.27345511317253113, -0.21281439065933228, -0.15217368304729462, -0.09153296053409576, -0.030892247334122658, 0.029748469591140747, 0.090389184653759, 0.15102989971637726, 0.2116706222295761, 0.27231132984161377, 0.3329520523548126, 0.3935927748680115, 0.4542334973812103, 0.5148742198944092, 0.5755149126052856, 0.6361556649208069, 0.6967963576316833, 0.7574370503425598, 0.818077802658081, 0.8787184953689575, 0.9393592476844788, 0.9999999403953552]}, "_step": 4, "_wandb": {"runtime": 43}}